{"cameraMode":{"drawMode":0,"name":"Shaded","section":"Shading Mode"},"sceneLighting":false,"audioPlay":false,"sceneViewState":{"showFog":true,"showMaterialUpdate":false,"showSkybox":true,"showFlares":true,"showImageEffects":true,"showParticleSystems":true},"in2DMode":false,"pivot":{"x":-0.26871299743652346,"y":-0.048311829566955569,"z":0.94945228099823},"rotation":{"x":-0.21009258925914765,"y":0.5230333209037781,"z":-0.13483992218971253,"w":-0.8149328231811523},"size":3.157883882522583,"orthographic":false}